﻿{
    "appName":  "Hito+",
    "appVersion":  "1.0.0",
    "platform":  "windows-x64",
    "packageTimestamp":  "20260223_185747",
    "generatedAtUtc":  "2026-02-23T13:28:05.5981339Z",
    "fileCount":  16,
    "totalBytes":  44779973,
    "checksumsFile":  "checksums.sha256",
    "files":  [
                  {
                      "path":  "data/app.so",
                      "sizeBytes":  7603120,
                      "sha256":  "a8a8da7afffc9d5ef1374d1575060292a6761143b1dad17bed69aaa612916ccc",
                      "lastWriteUtc":  "2026-02-23T13:10:08.0036565Z"
                  },
                  {
                      "path":  "data/flutter_assets/AssetManifest.bin",
                      "sizeBytes":  269,
                      "sha256":  "2efb7f175a950e11d18d948b60a492c64d8a9d0697d64e644a475d6c6ba080b1",
                      "lastWriteUtc":  "2026-02-23T13:17:17.1823113Z"
                  },
                  {
                      "path":  "data/flutter_assets/assets/fonts/Caveat-Regular.ttf",
                      "sizeBytes":  403648,
                      "sha256":  "0bdb6b660482d31531b3945849fba5916b3ef8695da7024a9e6b9ee3c4157988",
                      "lastWriteUtc":  "2026-02-23T12:54:55.3679856Z"
                  },
                  {
                      "path":  "data/flutter_assets/assets/fonts/CormorantGaramond-Regular.ttf",
                      "sizeBytes":  1195560,
                      "sha256":  "b20b7d9626dd956b2c5e558692ad328b1f19e3275e2782db4fa07670d83f35e0",
                      "lastWriteUtc":  "2026-02-23T12:55:30.5776465Z"
                  },
                  {
                      "path":  "data/flutter_assets/assets/fonts/JetBrainsMono-Regular.ttf",
                      "sizeBytes":  187208,
                      "sha256":  "48715a42ec242c21e9f02692891e147d022299a52e48d5e413e1a942193ffeda",
                      "lastWriteUtc":  "2026-02-23T12:54:57.7775541Z"
                  },
                  {
                      "path":  "data/flutter_assets/FontManifest.json",
                      "sizeBytes":  342,
                      "sha256":  "6d5322a061bd4d2564d41e5458aa84fb4c27c86832f15be3da30df743fa947fc",
                      "lastWriteUtc":  "2026-02-23T13:17:17.1823113Z"
                  },
                  {
                      "path":  "data/flutter_assets/fonts/MaterialIcons-Regular.otf",
                      "sizeBytes":  1645184,
                      "sha256":  "d9865b671a09d683d13a863089d8825e0f61a37696ce5d7d448bc8023aa62453",
                      "lastWriteUtc":  "2026-02-21T18:03:06.3117836Z"
                  },
                  {
                      "path":  "data/flutter_assets/NativeAssetsManifest.json",
                      "sizeBytes":  45,
                      "sha256":  "9548a31e4a048135c1d94f919328bfb62ae2c7bb3cab96557c7941daa97776cb",
                      "lastWriteUtc":  "2026-02-23T13:09:12.2546878Z"
                  },
                  {
                      "path":  "data/flutter_assets/NOTICES.Z",
                      "sizeBytes":  111305,
                      "sha256":  "210b98e49300fdbaad2ce2ce0f22854a30f4ba29b3a29da6fe5cb38c32e468d3",
                      "lastWriteUtc":  "2026-02-23T13:17:17.1823113Z"
                  },
                  {
                      "path":  "data/flutter_assets/shaders/ink_sparkle.frag",
                      "sizeBytes":  21328,
                      "sha256":  "0ddb6dd1d060d863b453c26aaae72d539d5dbc5443e086ef618280da73d71380",
                      "lastWriteUtc":  "2026-02-23T13:17:18.4220296Z"
                  },
                  {
                      "path":  "data/flutter_assets/shaders/stretch_effect.frag",
                      "sizeBytes":  17368,
                      "sha256":  "0ed3145e5e380355d92f9ccc66dba1c00d1b5001b1efa0dbeb6398dd56910486",
                      "lastWriteUtc":  "2026-02-23T13:17:18.5133387Z"
                  },
                  {
                      "path":  "data/icudtl.dat",
                      "sizeBytes":  862304,
                      "sha256":  "998367809a821d595928089c197b3f7959f0420f81f79d4d0daee53378492ed5",
                      "lastWriteUtc":  "2026-02-21T18:03:33.4518236Z"
                  },
                  {
                      "path":  "flutter_windows.dll",
                      "sizeBytes":  20802048,
                      "sha256":  "eb40d611ed1994a15e65ef3b2c399e04c860b2d2e021c1d1005775a4a7aee376",
                      "lastWriteUtc":  "2026-02-21T18:23:32.0163606Z"
                  },
                  {
                      "path":  "hito_plus.exe",
                      "sizeBytes":  96768,
                      "sha256":  "abd3685fb5ca02d9cefdfaa52db1cfb186f486f0015ae52e22a54740acfbbdc3",
                      "lastWriteUtc":  "2026-02-23T12:08:40.9513228Z"
                  },
                  {
                      "path":  "hito_plus_setup_1.0.0.exe",
                      "sizeBytes":  11833431,
                      "sha256":  "b0116ec47a3de47a6368d4b52effa4b336cbeef50e66b8cbe6eb77670f3235ca",
                      "lastWriteUtc":  "2026-02-23T13:28:05.1265348Z"
                  },
                  {
                      "path":  "native_assets.json",
                      "sizeBytes":  45,
                      "sha256":  "9548a31e4a048135c1d94f919328bfb62ae2c7bb3cab96557c7941daa97776cb",
                      "lastWriteUtc":  "2026-02-23T13:08:17.1399072Z"
                  }
              ]
}
